{
  "parent": "minecraft:item/generated",
  "textures": {
    "layer0": "minecraft:item/leather"
  },
	"overrides": [

{ "predicate": { "custom_model_data": 7601}, "model": "darkmagic:item/itemskin_sword" },
{ "predicate": { "custom_model_data": 7602}, "model": "darkmagic:item/itemskin_pickaxe" },
{ "predicate": { "custom_model_data": 7603}, "model": "darkmagic:item/itemskin_axe" },
{ "predicate": { "custom_model_data": 7604}, "model": "darkmagic:item/itemskin_shovel" },
{ "predicate": { "custom_model_data": 7605}, "model": "darkmagic:item/itemskin_hoe" },
{ "predicate": { "custom_model_data": 7606}, "model": "darkmagic:item/itemskin_bow" },
{ "predicate": { "custom_model_data": 7607}, "model": "darkmagic:item/itemskin_crossbow" },
{ "predicate": { "custom_model_data": 7608}, "model": "darkmagic:item/itemskin_remove" }
	]
}

