{
	"credit": "Made with Blockbench",
	"texture_size": [64, 64],
	"textures": {
		"0": "darkmagic:item/darksaber",
		"particle": "darkmagic:item/darksaber"
	},
	"elements": [
		{
			"from": [6.25, 0.44003, 14.43891],
			"to": [9.75, 0.94003, 16.43891],
			"rotation": {"angle": -22.5, "axis": "x", "origin": [8.03207, 4.45317, 14.37272]},
			"faces": {
				"north": {"uv": [13, 8.5, 16, 11.5], "texture": "#0"},
				"east": {"uv": [13.5, 9, 15.5, 11.5], "texture": "#0"},
				"south": {"uv": [12.5, 9.25, 15.5, 11], "texture": "#0"},
				"west": {"uv": [13, 8.75, 15, 11.25], "texture": "#0"},
				"up": {"uv": [15.75, 11.25, 12.75, 9.25], "texture": "#0"},
				"down": {"uv": [15.75, 9.25, 12.75, 11.25], "texture": "#0"}
			}
		},
		{
			"from": [6.25, 3.07588, 18.16791],
			"to": [9.75, 9.07588, 18.66791],
			"rotation": {"angle": 22.5, "axis": "x", "origin": [8.03207, 4.45317, 14.37272]},
			"faces": {
				"north": {"uv": [13, 8.75, 16, 10.75], "texture": "#0"},
				"east": {"uv": [14.25, 8.75, 15.5, 11.5], "texture": "#0"},
				"south": {"uv": [12.75, 8.25, 15.75, 10.75], "texture": "#0"},
				"west": {"uv": [13.5, 8.75, 14.5, 10.75], "texture": "#0"},
				"up": {"uv": [15.75, 9.75, 12.75, 11], "texture": "#0"},
				"down": {"uv": [15.25, 9.75, 12.25, 10], "texture": "#0"}
			}
		},
		{
			"from": [7, 3.16405, 13.64228],
			"to": [9, 6.36405, 14.64228],
			"rotation": {"angle": -45, "axis": "x", "origin": [8.03207, 4.45317, 14.37272]},
			"faces": {
				"north": {"uv": [13.25, 4.75, 15.25, 7.75], "texture": "#0"},
				"east": {"uv": [14.75, 4.5, 15.75, 7.5], "texture": "#0"},
				"south": {"uv": [12.75, 4.5, 14.75, 7.5], "texture": "#0"},
				"west": {"uv": [13.5, 4.5, 14.5, 7.5], "texture": "#0"},
				"up": {"uv": [14.75, 6.5, 12.75, 5.5], "texture": "#0"},
				"down": {"uv": [15.5, 5.25, 13.5, 6.25], "texture": "#0"}
			}
		},
		{
			"from": [7.25, 3.91405, 13.28873],
			"to": [8.75, 6.11405, 13.78873],
			"rotation": {"angle": -45, "axis": "x", "origin": [8.03207, 4.45317, 14.37272]},
			"faces": {
				"north": {"uv": [13.75, 9, 14.75, 11], "texture": "#0"},
				"east": {"uv": [13.5, 8.75, 14.25, 10.75], "texture": "#0"},
				"south": {"uv": [13.75, 9.25, 14.75, 11.25], "texture": "#0"},
				"west": {"uv": [13.75, 9.25, 15.5, 11.25], "texture": "#0"},
				"up": {"uv": [14.75, 9.25, 13.75, 10], "texture": "#0"},
				"down": {"uv": [15, 9.5, 14, 11], "texture": "#0"}
			}
		},
		{
			"from": [7, 5, 12.825],
			"to": [9, 6, 14.75],
			"rotation": {"angle": 0, "axis": "y", "origin": [8.03207, 4.45317, 14.37272]},
			"faces": {
				"north": {"uv": [13.5, 5.5, 15.5, 6.5], "rotation": 180, "texture": "#0"},
				"east": {"uv": [13.5, 5.75, 14.5, 6.75], "rotation": 90, "texture": "#0"},
				"south": {"uv": [13.25, 5.75, 15.25, 6.75], "texture": "#0"},
				"west": {"uv": [14, 5.75, 15, 6.75], "rotation": 270, "texture": "#0"},
				"up": {"uv": [15.5, 6.75, 13.5, 5.75], "texture": "#0"},
				"down": {"uv": [15, 5.75, 13, 6.75], "rotation": 180, "texture": "#0"}
			}
		},
		{
			"from": [7, 3, 14.75],
			"to": [9, 6, 18.25],
			"rotation": {"angle": 0, "axis": "y", "origin": [8.03207, 4.45317, 14.37272]},
			"faces": {
				"north": {"uv": [13.25, 4.5, 15.25, 7.5], "texture": "#0"},
				"east": {"uv": [12.25, 4.5, 15.25, 7.5], "texture": "#0"},
				"south": {"uv": [13.25, 4.5, 15.25, 7.5], "texture": "#0"},
				"west": {"uv": [12.5, 4.5, 15.5, 7.5], "texture": "#0"},
				"up": {"uv": [14.5, 7.75, 12.5, 4.75], "texture": "#0"},
				"down": {"uv": [14.5, 4.5, 12.5, 7.5], "texture": "#0"}
			}
		},
		{
			"from": [7, 4.75, 18.2],
			"to": [9, 6, 19.2],
			"rotation": {"angle": 0, "axis": "y", "origin": [8.03207, 4.45317, 14.37272]},
			"faces": {
				"north": {"uv": [13.25, 5.5, 15.25, 6.5], "texture": "#0"},
				"east": {"uv": [13.5, 5.5, 14.5, 6.5], "texture": "#0"},
				"south": {"uv": [12.75, 5.25, 14.75, 6.25], "texture": "#0"},
				"west": {"uv": [14, 5.75, 15, 6.75], "texture": "#0"},
				"up": {"uv": [15.25, 6.5, 13.25, 5.5], "texture": "#0"},
				"down": {"uv": [15.5, 5.25, 13.5, 6.25], "texture": "#0"}
			}
		},
		{
			"from": [7, 4, 17.7],
			"to": [9, 5.25, 18.7],
			"rotation": {"angle": 0, "axis": "y", "origin": [8.03207, 4.45317, 14.37272]},
			"faces": {
				"north": {"uv": [13.25, 5.75, 15.25, 6.75], "texture": "#0"},
				"east": {"uv": [13.75, 6, 14.75, 7], "texture": "#0"},
				"south": {"uv": [13, 4.75, 15, 5.75], "texture": "#0"},
				"west": {"uv": [13.5, 6, 14.5, 7], "texture": "#0"},
				"up": {"uv": [14.5, 6.75, 12.5, 5.75], "texture": "#0"},
				"down": {"uv": [15.5, 5.75, 13.5, 6.75], "texture": "#0"}
			}
		},
		{
			"from": [7.25, 3.25, 17.75],
			"to": [8.75, 5.75, 30],
			"rotation": {"angle": 0, "axis": "y", "origin": [8.03207, 4.45317, 14.37272]},
			"faces": {
				"north": {"uv": [13.25, 8.75, 14.25, 10.75], "texture": "#0"},
				"east": {"uv": [13.75, 9.25, 15.25, 11.25], "texture": "#0"},
				"south": {"uv": [13.5, 9, 14.5, 11], "texture": "#0"},
				"west": {"uv": [13.25, 9, 16, 11], "texture": "#0"},
				"up": {"uv": [14.5, 11.25, 13.5, 8.5], "texture": "#0"},
				"down": {"uv": [14, 9.25, 13, 12], "texture": "#0"}
			}
		},
		{
			"from": [6.75, 2.75, 17],
			"to": [9.25, 4.5, 17.25],
			"rotation": {"angle": 0, "axis": "y", "origin": [8.03207, 4.45317, 14.37272]},
			"faces": {
				"north": {"uv": [13.25, 9.75, 15.25, 10.75], "texture": "#0"},
				"east": {"uv": [13, 9, 13, 10], "texture": "#0"},
				"south": {"uv": [12.25, 8.5, 14.25, 9.5], "texture": "#0"},
				"west": {"uv": [14.25, 9.75, 14.25, 10.75], "texture": "#0"},
				"up": {"uv": [15, 10.25, 13, 10.25], "texture": "#0"},
				"down": {"uv": [14.25, 8.75, 12.25, 8.75], "texture": "#0"}
			}
		},
		{
			"from": [6.75, 2.75, 17.5],
			"to": [9.25, 4.5, 17.75],
			"rotation": {"angle": 0, "axis": "y", "origin": [8.03207, 4.45317, 14.37272]},
			"faces": {
				"north": {"uv": [13.25, 9.5, 15.25, 10.5], "texture": "#0"},
				"east": {"uv": [12.5, 9.5, 14.25, 10.5], "texture": "#0"},
				"south": {"uv": [13, 9.5, 15, 10.5], "texture": "#0"},
				"west": {"uv": [12.5, 8.75, 15.25, 11], "texture": "#0"},
				"up": {"uv": [15, 9.25, 13, 10.75], "texture": "#0"},
				"down": {"uv": [15.25, 8.75, 13.25, 11.5], "texture": "#0"}
			}
		},
		{
			"from": [6.75, 2.75, 16.5],
			"to": [9.25, 4.5, 16.75],
			"rotation": {"angle": 0, "axis": "y", "origin": [8.03207, 4.45317, 14.37272]},
			"faces": {
				"north": {"uv": [14, 10, 16, 11], "texture": "#0"},
				"east": {"uv": [14, 9.75, 14, 10.75], "texture": "#0"},
				"south": {"uv": [13.25, 9.25, 15.25, 10.25], "texture": "#0"},
				"west": {"uv": [15, 10.25, 15, 11.25], "texture": "#0"},
				"up": {"uv": [15.5, 9.5, 13.5, 9.5], "texture": "#0"},
				"down": {"uv": [14.25, 9, 12.25, 9], "texture": "#0"}
			}
		},
		{
			"from": [7, 3, 30],
			"to": [9, 6, 30.5],
			"rotation": {"angle": 0, "axis": "y", "origin": [8.03207, 4.45317, 14.37272]},
			"faces": {
				"north": {"uv": [13, 4.5, 15, 7.5], "texture": "#0"},
				"east": {"uv": [13.5, 4.5, 13.75, 7.5], "texture": "#0"},
				"south": {"uv": [13.25, 4.5, 15.25, 7.5], "texture": "#0"},
				"west": {"uv": [14.25, 4.25, 14.5, 7.25], "texture": "#0"},
				"up": {"uv": [15, 6, 13, 7], "texture": "#0"},
				"down": {"uv": [15, 5.75, 13, 6.75], "texture": "#0"}
			}
		},
		{
			"from": [6.75, 2.75, 16],
			"to": [9.25, 4.5, 16.25],
			"rotation": {"angle": 0, "axis": "y", "origin": [8.03207, 4.45317, 14.37272]},
			"faces": {
				"north": {"uv": [12.75, 9.5, 14.75, 10.5], "texture": "#0"},
				"east": {"uv": [12.75, 9.75, 12.75, 10.75], "texture": "#0"},
				"south": {"uv": [12.75, 9.25, 14.75, 10.25], "texture": "#0"},
				"west": {"uv": [14, 9.75, 14, 10.75], "texture": "#0"},
				"up": {"uv": [14.75, 9.75, 12.75, 9.75], "texture": "#0"},
				"down": {"uv": [15.5, 10.25, 13.5, 10.25], "texture": "#0"}
			}
		},
		{
			"from": [6.75, 2.75, 15.5],
			"to": [9.25, 4.5, 15.75],
			"rotation": {"angle": 0, "axis": "y", "origin": [8.03207, 4.45317, 14.37272]},
			"faces": {
				"north": {"uv": [13, 9.5, 15, 10.5], "texture": "#0"},
				"east": {"uv": [14.25, 9.5, 14.25, 10.5], "texture": "#0"},
				"south": {"uv": [13.5, 9.5, 15.5, 10.5], "texture": "#0"},
				"west": {"uv": [14.25, 9.75, 14.25, 10.75], "texture": "#0"},
				"up": {"uv": [14.75, 9.75, 12.75, 9.75], "texture": "#0"},
				"down": {"uv": [15, 10, 13, 10], "texture": "#0"}
			}
		},
		{
			"from": [6.75, 2.75, 15],
			"to": [9.25, 4.5, 15.25],
			"rotation": {"angle": 0, "axis": "y", "origin": [8.03207, 4.45317, 14.37272]},
			"faces": {
				"north": {"uv": [12.75, 9.25, 14.75, 10.25], "texture": "#0"},
				"east": {"uv": [13.75, 10, 13.75, 11], "texture": "#0"},
				"south": {"uv": [13, 9.25, 15, 10.25], "texture": "#0"},
				"west": {"uv": [13.75, 9.75, 13.75, 10.75], "texture": "#0"},
				"up": {"uv": [14.75, 9.75, 12.75, 9.75], "texture": "#0"},
				"down": {"uv": [15.25, 9.75, 13.25, 9.75], "texture": "#0"}
			}
		},
		{
			"from": [7, 3.85, 26.15],
			"to": [9, 6, 26.65],
			"rotation": {"angle": 0, "axis": "y", "origin": [8.03207, 4.45317, 14.37272]},
			"faces": {
				"north": {"uv": [12.75, 5, 14.75, 7], "texture": "#0"},
				"east": {"uv": [13.75, 4.75, 13.75, 6.75], "texture": "#0"},
				"south": {"uv": [12.5, 4.75, 14.5, 6.75], "texture": "#0"},
				"west": {"uv": [13.5, 5, 13.5, 7], "texture": "#0"},
				"up": {"uv": [15.25, 6.5, 13.25, 6.5], "texture": "#0"},
				"down": {"uv": [14.75, 6.25, 12.75, 6.25], "texture": "#0"}
			}
		},
		{
			"from": [7, 3, 29.25],
			"to": [9, 6, 29.75],
			"rotation": {"angle": 0, "axis": "y", "origin": [8.03207, 4.45317, 14.37272]},
			"faces": {
				"north": {"uv": [13, 4.25, 15, 7.25], "texture": "#0"},
				"east": {"uv": [14, 4.5, 14.25, 7.5], "texture": "#0"},
				"south": {"uv": [12.5, 4.5, 14.5, 7.5], "texture": "#0"},
				"west": {"uv": [13.5, 4.5, 13.5, 7.5], "texture": "#0"},
				"up": {"uv": [15, 6.25, 13, 6.25], "texture": "#0"},
				"down": {"uv": [15.25, 6, 13.25, 6], "texture": "#0"}
			}
		},
		{
			"from": [7, 3, 28.5],
			"to": [9, 6, 29],
			"rotation": {"angle": 0, "axis": "y", "origin": [8.03207, 4.45317, 14.37272]},
			"faces": {
				"north": {"uv": [12.25, 4.5, 15.25, 7.5], "texture": "#0"},
				"east": {"uv": [13.75, 4.75, 14, 7.75], "texture": "#0"},
				"south": {"uv": [13.25, 4.5, 15.25, 7.5], "texture": "#0"},
				"west": {"uv": [13, 4.5, 13.75, 7.5], "texture": "#0"},
				"up": {"uv": [15.5, 5.25, 13.5, 6.25], "texture": "#0"},
				"down": {"uv": [14.75, 6, 12.75, 6.5], "texture": "#0"}
			}
		},
		{
			"from": [7, 3, 27.75],
			"to": [9, 6, 28.25],
			"rotation": {"angle": 0, "axis": "y", "origin": [8.03207, 4.45317, 14.37272]},
			"faces": {
				"north": {"uv": [12.75, 4.25, 14.75, 7.25], "texture": "#0"},
				"east": {"uv": [12.5, 4.5, 15.75, 7.5], "texture": "#0"},
				"south": {"uv": [13, 4.5, 15, 7.5], "texture": "#0"},
				"west": {"uv": [13.5, 4.5, 13.5, 7.5], "texture": "#0"},
				"up": {"uv": [15, 6, 13, 6], "texture": "#0"},
				"down": {"uv": [15.25, 6, 13.25, 6], "texture": "#0"}
			}
		},
		{
			"from": [7, 5.2, 25.3],
			"to": [9, 6, 25.8],
			"rotation": {"angle": 0, "axis": "y", "origin": [8.03207, 4.45317, 14.37272]},
			"faces": {
				"north": {"uv": [13, 5.5, 15, 5.5], "texture": "#0"},
				"east": {"uv": [14, 6, 14, 6], "texture": "#0"},
				"south": {"uv": [13, 6.25, 15, 6.25], "texture": "#0"},
				"west": {"uv": [14.75, 6, 14.75, 6], "texture": "#0"},
				"up": {"uv": [15, 6.5, 13, 6.5], "texture": "#0"},
				"down": {"uv": [15.25, 6, 13.25, 6], "texture": "#0"}
			}
		},
		{
			"from": [7, 3, 18.25],
			"to": [9, 3.5, 27],
			"rotation": {"angle": 0, "axis": "y", "origin": [8.03207, 4.45317, 14.37272]},
			"faces": {
				"north": {"uv": [13.25, 4.5, 15.25, 7], "texture": "#0"},
				"east": {"uv": [13.25, 5.75, 14.5, 6.5], "texture": "#0"},
				"south": {"uv": [12.5, 5, 15.5, 7.25], "texture": "#0"},
				"west": {"uv": [13.25, 5.5, 15.25, 6], "texture": "#0"},
				"up": {"uv": [15, 7.5, 13, 4.5], "texture": "#0"},
				"down": {"uv": [15.25, 5, 13.25, 7.5], "texture": "#0"}
			}
		},
		{
			"from": [7, 4.7, 18.75],
			"to": [9, 5.2, 25.8],
			"rotation": {"angle": 0, "axis": "y", "origin": [8.03207, 4.45317, 14.37272]},
			"faces": {
				"north": {"uv": [12.25, 6.25, 14.25, 6.25], "texture": "#0"},
				"east": {"uv": [13.25, 6.25, 15.75, 6.75], "texture": "#0"},
				"south": {"uv": [13, 6, 15, 6], "texture": "#0"},
				"west": {"uv": [13.25, 6, 15, 6.5], "texture": "#0"},
				"up": {"uv": [15, 7, 13, 5], "texture": "#0"},
				"down": {"uv": [14.75, 5.5, 12.75, 7.25], "texture": "#0"}
			}
		},
		{
			"from": [7, 5.45, 19.25],
			"to": [9, 5.95, 24.95],
			"rotation": {"angle": 0, "axis": "y", "origin": [8.03207, 4.45317, 14.37272]},
			"faces": {
				"north": {"uv": [12.75, 5.25, 14.75, 6.75], "texture": "#0"},
				"east": {"uv": [14, 5, 15.5, 6.75], "texture": "#0"},
				"south": {"uv": [13.25, 5.75, 15.25, 7.5], "texture": "#0"},
				"west": {"uv": [13, 4.25, 15.25, 7.5], "texture": "#0"},
				"up": {"uv": [15, 6.75, 13, 5], "texture": "#0"},
				"down": {"uv": [15, 5, 13, 7.25], "texture": "#0"}
			}
		},
		{
			"from": [7.625, 10.34985, 28.56831],
			"to": [8.375, 11.59985, 30.06831],
			"rotation": {"angle": 22.5, "axis": "x", "origin": [8.03207, 4.45317, 14.37272]},
			"faces": {
				"north": {"uv": [14.25, 5.25, 14.5, 6.25], "texture": "#0"},
				"east": {"uv": [13.5, 5.75, 14.5, 6.75], "texture": "#0"},
				"south": {"uv": [14, 5.5, 14.25, 6.5], "texture": "#0"},
				"west": {"uv": [13.5, 5.75, 14.5, 6.75], "texture": "#0"},
				"up": {"uv": [14.5, 7, 14.75, 6], "texture": "#0"},
				"down": {"uv": [13.25, 5.5, 14.75, 6.5], "texture": "#0"}
			}
		},
		{
			"from": [7.625, 3.5, 30.5],
			"to": [8.375, 5, 31.6],
			"rotation": {"angle": 0, "axis": "y", "origin": [8.03207, 4.45317, 14.37272]},
			"faces": {
				"north": {"uv": [12.5, 5.5, 15.5, 6.5], "texture": "#0"},
				"east": {"uv": [13.5, 5.75, 14.5, 6.75], "texture": "#0"},
				"south": {"uv": [15.25, 6.75, 15.5, 7.75], "texture": "#0"},
				"west": {"uv": [14, 5.5, 15, 6.5], "texture": "#0"},
				"up": {"uv": [13.5, 6.75, 14.75, 5.75], "texture": "#0"},
				"down": {"uv": [13, 5.5, 14.5, 6.5], "texture": "#0"}
			}
		},
		{
			"from": [7, 3.85, 18.75],
			"to": [9, 4.35, 26.15],
			"rotation": {"angle": 0, "axis": "y", "origin": [8.03207, 4.45317, 14.37272]},
			"faces": {
				"north": {"uv": [13, 6.5, 15, 6.5], "texture": "#0"},
				"east": {"uv": [13.75, 6.5, 14.75, 7], "texture": "#0"},
				"south": {"uv": [13.25, 6.25, 15.25, 6.25], "texture": "#0"},
				"west": {"uv": [13.25, 6.25, 15.75, 6.75], "texture": "#0"},
				"up": {"uv": [15, 6.5, 13, 5], "texture": "#0"},
				"down": {"uv": [14.75, 5, 12.75, 7.5], "texture": "#0"}
			}
		},
		{
			"from": [7, 3, 27],
			"to": [9, 6, 27.5],
			"rotation": {"angle": 0, "axis": "y", "origin": [8.03207, 4.45317, 14.37272]},
			"faces": {
				"north": {"uv": [13, 4.5, 15, 7.5], "texture": "#0"},
				"east": {"uv": [13.5, 4.5, 13.5, 7.5], "texture": "#0"},
				"south": {"uv": [13, 4.25, 15, 7.25], "texture": "#0"},
				"west": {"uv": [13.75, 4.75, 13.75, 7.75], "texture": "#0"},
				"up": {"uv": [15.5, 6.25, 13.5, 6.25], "texture": "#0"},
				"down": {"uv": [15.25, 5.5, 13.25, 7], "texture": "#0"}
			}
		},
		{
			"from": [7, 4.25, 13.75],
			"to": [9, 5.25, 14.75],
			"rotation": {"angle": 0, "axis": "y", "origin": [8.03207, 4.45317, 14.37272]},
			"faces": {
				"north": {"uv": [13, 5.75, 15, 6.75], "texture": "#0"},
				"east": {"uv": [13.25, 5.75, 14.25, 6.75], "texture": "#0"},
				"south": {"uv": [12.5, 5.25, 14.5, 6.25], "texture": "#0"},
				"west": {"uv": [13.5, 6, 14.5, 7], "texture": "#0"},
				"up": {"uv": [15.75, 7.25, 13.75, 6.25], "texture": "#0"},
				"down": {"uv": [14.75, 5.75, 12.75, 6.75], "texture": "#0"}
			}
		},
		{
			"from": [7.75, 4.4, -13.75],
			"to": [8.4996, 5.3, -9],
			"rotation": {"angle": 0, "axis": "y", "origin": [8.03207, 4.45317, 15.37272]},
			"faces": {
				"north": {"uv": [3.75, 1, 3.75, 1], "texture": "#0"},
				"east": {"uv": [1.5, 1.25, 5.5, 1.25], "texture": "#0"},
				"south": {"uv": [4.25, 1.5, 4.25, 1.5], "texture": "#0"},
				"west": {"uv": [1.25, 1.5, 5.25, 1.5], "texture": "#0"},
				"up": {"uv": [3.75, 1.75, 5.25, 0.25], "texture": "#0"},
				"down": {"uv": [4, 0.25, 4.5, 2], "texture": "#0"}
			}
		},
		{
			"from": [7.7499, 15.54222, -12.54488],
			"to": [8.5019, 16.69222, -8.79488],
			"rotation": {"angle": -22.5, "axis": "x", "origin": [8.03207, 4.45317, 15.37272]},
			"faces": {
				"north": {"uv": [4, 0.75, 4.75, 1.79975], "texture": "#0"},
				"east": {"uv": [5.25, 14.5, 7.4375, 15.26175], "texture": "#0"},
				"south": {"uv": [0, 0, 0.75, 1.05], "texture": "#0"},
				"west": {"uv": [5.25, 14.5, 7.4375, 15.26175], "texture": "#0"},
				"up": {"uv": [6.25, 14.5, 8.75, 15], "rotation": 90, "texture": "#0"},
				"down": {"uv": [3.5, 0, 4.25, 1.75], "texture": "#0"}
			}
		},
		{
			"from": [7.75, 4, -14.75],
			"to": [8.5, 4.5, -11.75],
			"shade": false,
			"rotation": {"angle": 0, "axis": "y", "origin": [8.03207, 4.45317, 15.37272]},
			"faces": {
				"north": {"uv": [3.25, 1.25, 3.25, 1.25], "texture": "#0"},
				"east": {"uv": [4.75, 1.25, 1.75, 1.75], "texture": "#0"},
				"south": {"uv": [4.25, 1.25, 4.25, 1.25], "texture": "#0"},
				"west": {"uv": [4.75, 1.5, 1.75, 2], "texture": "#0"},
				"up": {"uv": [4.25, 1.75, 5.25, 0.5], "texture": "#0"},
				"down": {"uv": [4, 0, 4.5, 2], "texture": "#0"}
			}
		},
		{
			"from": [7.75, 4, 13],
			"to": [8.5, 4.25, 15],
			"rotation": {"angle": 0, "axis": "y", "origin": [8.03207, 4.45317, 14.37272]},
			"faces": {
				"north": {"uv": [4, 1.25, 4, 1.25], "texture": "#0"},
				"east": {"uv": [3, 0.5, 5, 2.25], "texture": "#0"},
				"south": {"uv": [3.5, 1.75, 3.5, 1.75], "texture": "#0"},
				"west": {"uv": [1.5, 1.5, 3.5, 1.5], "texture": "#0"},
				"up": {"uv": [3.5, 2.25, 3.5, 0.25], "texture": "#0"},
				"down": {"uv": [3.5, 0.25, 3.5, 2.25], "texture": "#0"}
			}
		},
		{
			"from": [7.75, 4, -11.75],
			"to": [8.5, 6.5, 13],
			"rotation": {"angle": 0, "axis": "y", "origin": [8.03207, 4.45317, 14.37272]},
			"faces": {
				"north": {"uv": [24, 53.75, 24, 55.75], "texture": "#0"},
				"east": {"uv": [0, 14.5, 13.5, 16], "texture": "#0"},
				"south": {"uv": [3.5, 0.5, 4, 2], "texture": "#0"},
				"west": {"uv": [13.5, 16, 0, 14.5], "rotation": 180, "texture": "#0"},
				"up": {"uv": [11.5, 14.5, 0, 15], "rotation": 270, "texture": "#0"},
				"down": {"uv": [3.25, 1, 4.5, 2], "texture": "#0"}
			}
		},
		{
			"from": [7.9, 15.39222, -12.79488],
			"to": [8.35, 16.94222, -8.74488],
			"rotation": {"angle": -22.5, "axis": "x", "origin": [8.03207, 4.45317, 15.37272]},
			"faces": {
				"north": {"uv": [13, 1.5, 13.5, 2.5], "texture": "#0"},
				"east": {"uv": [12, 1.5, 16, 2.5], "texture": "#0"},
				"south": {"uv": [14.25, 1.5, 14.25, 2.5], "texture": "#0"},
				"west": {"uv": [12, 1, 16, 2], "texture": "#0"},
				"up": {"uv": [13.25, 3, 14, 0.5], "texture": "#0"},
				"down": {"uv": [13.5, 0, 15.75, 3], "texture": "#0"}
			}
		},
		{
			"from": [7.9, 3.75, -15],
			"to": [8.35, 4.75, -11.75],
			"rotation": {"angle": 0, "axis": "y", "origin": [8.03207, 4.45317, 15.37272]},
			"faces": {
				"north": {"uv": [13, 1.5, 13, 2.5], "texture": "#0"},
				"east": {"uv": [12.75, 1.75, 15.75, 2.75], "texture": "#0"},
				"south": {"uv": [14.5, 2, 14.5, 3], "texture": "#0"},
				"west": {"uv": [13, 1.5, 16, 2.5], "texture": "#0"},
				"up": {"uv": [13.75, 3.5, 13.75, 0.5], "texture": "#0"},
				"down": {"uv": [13.5, 0.75, 14, 3.75], "texture": "#0"}
			}
		},
		{
			"from": [7.9, 3.75, 13],
			"to": [8.35, 4.5, 15.25],
			"rotation": {"angle": 0, "axis": "y", "origin": [8.03207, 4.45317, 14.37272]},
			"faces": {
				"north": {"uv": [14, 1.5, 14, 1.5], "texture": "#0"},
				"east": {"uv": [13, 1.75, 15, 2.75], "texture": "#0"},
				"south": {"uv": [14, 1.75, 14, 1.75], "texture": "#0"},
				"west": {"uv": [13.25, 2.25, 15.25, 2.25], "texture": "#0"},
				"up": {"uv": [13.75, 3, 13.75, 1], "texture": "#0"},
				"down": {"uv": [14.75, 1.5, 14.75, 3.5], "texture": "#0"}
			}
		},
		{
			"from": [7.9, 3.75, -11.75],
			"to": [8.35, 6.75, 13.25],
			"rotation": {"angle": 0, "axis": "y", "origin": [8.03207, 4.45317, 14.37272]},
			"faces": {
				"north": {"uv": [14.75, 0.75, 14.75, 3.75], "texture": "#0"},
				"east": {"uv": [13, 1.75, 16, 3.25], "texture": "#0"},
				"south": {"uv": [13, 0, 13.75, 3.25], "texture": "#0"},
				"west": {"uv": [13, 0, 16, 3], "texture": "#0"},
				"up": {"uv": [15.25, 3, 16, 0], "texture": "#0"},
				"down": {"uv": [14, 3, 14.5, 1], "texture": "#0"}
			}
		}
	],
	"display": {
		"thirdperson_righthand": {
			"rotation": [90, 0, -180],
			"translation": [0, 9.25, -1],
			"scale": [0.75, 0.75, 0.75]
		},
		"thirdperson_lefthand": {
			"rotation": [90, 0, -180],
			"translation": [0, 9.25, -1],
			"scale": [0.75, 0.75, 0.75]
		},
		"firstperson_righthand": {
			"rotation": [90, 0, -180],
			"translation": [2, 6, 0],
			"scale": [0.41, 0.41, 0.41]
		},
		"firstperson_lefthand": {
			"rotation": [90, 0, -180],
			"translation": [2, 6, 0],
			"scale": [0.41, 0.41, 0.41]
		},
		"ground": {
			"rotation": [90, 0, -180],
			"translation": [0, 10, 0],
			"scale": [0.5, 0.5, 0.5]
		},
		"gui": {
			"rotation": [90, 45, -90],
			"translation": [1.25, 1, -1.25],
			"scale": [0.45, 0.45, 0.45]
		},
		"head": {
			"translation": [0, -6.25, -7.75],
			"scale": [1.5, 1.5, 1.5]
		},
		"fixed": {
			"rotation": [90, 45, 90],
			"translation": [-1.25, -1.25, -0.5],
			"scale": [0.55, 0.55, 0.55]
		}
	},
	"groups": [
		{
			"name": "Hilt",
			"origin": [10, 4.5, 5.5],
			"children": [0, 1, 2, 3, 4, 5, 6, 7, 8, 9, 10, 11, 12, 13, 14, 15, 16, 17, 18, 19, 20, 21, 22, 23, 24, 25, 26, 27, 28,
				{
					"name": "Blade",
					"origin": [15.75, 12.25, 20],
					"children": [29, 30, 31, 32, 33]
				}
			]
		},
		{
			"name": "White",
			"origin": [15.75, 12.25, 20],
			"children": [34, 35, 36, 37]
		}
	]
}